"first_name","Gender","unique_countries"
"'abd al hamid","Man",25
"'abd al karim","Man",22
"'abd al latif","Man",23
"'abd al majid","Man",23
"'abd al wahhab","Man",16
"a'isha","Woman",21
"a.","Man",39
"aaron","Man",72
"abbas","Man",39
"abd al aziz","Man",28
"abd al rahim","Man",20
"abd al rahman","Man",40
"abd al salam","Man",18
"abdallah","Man",17
"abdel","Man",19
"abdelaziz","Man",23
"abdi","Man",13
"abdon","Man",12
"abdoul","Man",14
"abdoulaye","Man",15
"abdul","Man",54
"abdul ghani","Man",15
"abdul halim","Man",12
"abdul malik","Man",11
"abdul qadir","Man",22
"abdul razak","Man",15
"abdullah","Man",61
"abdurrahman","Man",11
"abe","Man",15
"abed","Man",11
"abel","Man",66
"abelardo","Man",17
"abid","Man",14
"abigail","Woman",29
"abner","Man",16
"abraham","Man",84
"abram","Man",23
"abu bakr","Man",22
"achille","Man",24
"ada","Woman",47
"adalbert","Man",24
"adalberto","Man",24
"adam","Man",94
"adama","Man",11
"adan","Man",17
"adel","Man",46
"adela","Woman",42
"adelaida","Woman",17
"adelaide","Woman",35
"adele","Woman",33
"adelheid","Woman",11
"adelina","Woman",30
"adeline","Woman",22
"adem","Man",16
"adi","Man",12
"adib","Man",11
"adina","Woman",14
"admir","Man",11
"adnan","Man",45
"adolf","Man",43
"adolfo","Man",38
"adolph","Man",25
"adolphe","Man",25
"adolphus","Man",12
"adonis","Man",16
"adrian","Man",81
"adriana","Woman",54
"adriano","Man",37
"adrien","Man",26
"adrienne","Woman",24
"agapito","Man",13
"agata","Woman",16
"agatha","Woman",25
"agathe","Woman",14
"agnes","Woman",64
"agnieszka","Woman",12
"agostino","Man",13
"agustin","Man",28
"ahmad","Man",60
"ahmed","Man",78
"ahmet","Man",22
"aicha","Woman",16
"aida","Woman",65
"aidan","Man",11
"aileen","Woman",15
"aime","Man",18
"aimee","Woman",29
"aina","Woman",13
"aino","Woman",12
"aisha","Woman",19
"akim","Man",11
"akram","Man",19
"al","Man",30
"alaa","Man",15
"alain","Man",56
"alan","Man",76
"alana","Woman",16
"alastair","Man",11
"alba","Woman",23
"alban","Man",21
"albano","Man",11
"albert","Man",112
"alberta","Woman",18
"albertina","Woman",24
"albertine","Woman",19
"alberto","Man",61
"albertus","Man",13
"albin","Man",29
"albina","Woman",22
"albino","Man",18
"albrecht","Man",16
"alcides","Man",16
"alda","Woman",16
"aldo","Man",45
"alec","Man",25
"alejandra","Woman",19
"alejandro","Man",37
"alejo","Man",18
"aleks","Man",18
"aleksandar","Man",26
"aleksander","Man",29
"aleksandr","Man",52
"aleksandra","Woman",28
"aleksej","Man",11
"alen","Man",24
"alena","Woman",22
"ales","Man",12
"alessandra","Woman",25
"alessandro","Man",39
"alessia","Woman",18
"alessio","Man",16
"alex","Man",93
"alexa","Woman",21
"alexander","Man",110
"alexandr","Man",12
"alexandra","Woman",76
"alexandre","Man",61
"alexandrine","Woman",14
"alexandros","Man",13
"alexandru","Man",15
"alexei","Man",19
"alexey","Man",43
"alexi","Man",13
"alexia","Woman",36
"alexis","Man",57
"alf","Man",18
"alfons","Man",28
"alfonso","Man",43
"alfred","Man",100
"alfredo","Man",48
"ali","Man",94
"alia","Woman",22
"alice","Woman",73
"alicia","Woman",48
"alida","Woman",24
"alim","Man",14
"alina","Woman",51
"aline","Woman",30
"aliona","Woman",11
"alisa","Woman",26
"alisha","Woman",13
"alison","Woman",22
"alissa","Woman",12
"alistair","Man",11
"alla","Woman",16
"allan","Man",57
"allen","Man",32
"allison","Woman",11
"alma","Woman",35
"almir","Man",11
"alois","Man",22
"alonso","Man",16
"aloys","Man",14
"aloysius","Man",30
"alphonse","Man",39
"alphonsus","Man",11
"althea","Woman",12
"alvar","Man",11
"alvaro","Man",43
"alvin","Man",38
"alwin","Man",17
"aly","Man",12
"alyssa","Woman",19
"amadeo","Man",16
"amado","Man",15
"amadou","Man",18
"amal","Woman",21
"amalia","Woman",48
"amalie","Woman",16
"amanda","Woman",54
"amar","Man",24
"amaury","Man",12
"amber","Woman",20
"ambrose","Man",21
"ambrosio","Man",17
"ambrosius","Man",13
"amelia","Woman",48
"amelie","Woman",28
"amer","Man",11
"americo","Man",17
"amilcar","Man",16
"amin","Man",33
"amina","Woman",44
"aminata","Woman",14
"amine","Man",14
"amir","Man",52
"amira","Woman",29
"amjad","Man",13
"ammar","Man",15
"amon","Man",13
"amos","Man",31
"amy","Woman",40
"ana","Woman",72
"ana isabel","Woman",13
"ana luisa","Woman",11
"ana maria","Woman",22
"anabel","Woman",17
"anacleto","Man",11
"anais","Woman",20
"anand","Man",12
"anas","Man",20
"anastasia","Woman",55
"anastasio","Man",12
"anatol","Man",20
"anatole","Man",18
"anatoly","Man",32
"anders","Man",16
"anderson","Man",28
"andi","Man",12
"andor","Man",16
"andras","Man",22
"andre","Man",97
"andreas","Man",48
"andree","Woman",16
"andrei","Man",29
"andrej","Man",35
"andres","Man",41
"andrew","Man",85
"andrey","Man",42
"andrija","Man",13
"andris","Man",11
"andrzej","Man",21
"andy","Man",63
"aneta","Woman",13
"anette","Woman",12
"angel","Man",39
"angela","Woman",88
"angele","Woman",17
"angelica","Woman",45
"angelika","Woman",27
"angelina","Woman",54
"angeline","Woman",24
"angelique","Woman",27
"angelo","Man",52
"angie","Woman",23
"angus","Man",11
"ani","Woman",12
"ania","Woman",19
"anibal","Man",26
"aniceto","Man",14
"anika","Woman",18
"anil","Man",17
"anis","Man",19
"anissa","Woman",15
"anita","Woman",67
"anja","Woman",25
"anka","Woman",15
"ann","Woman",53
"anna","Woman",95
"anna maria","Woman",17
"annabel","Woman",18
"annabella","Woman",11
"annabelle","Woman",19
"annalisa","Woman",11
"annamaria","Woman",14
"anne","Woman",63
"anne marie","Woman",33
"anneliese","Woman",11
"annemarie","Woman",21
"annette","Woman",32
"anni","Woman",16
"annick","Woman",12
"annie","Woman",51
"annika","Woman",19
"anny","Woman",20
"anselm","Man",12
"anselmo","Man",26
"ante","Man",21
"antero","Man",13
"anthony","Man",93
"antoine","Man",60
"antoinette","Woman",39
"anton","Man",68
"antonella","Woman",17
"antoni","Man",29
"antonia","Woman",44
"antonin","Man",19
"antonina","Woman",26
"antonino","Man",14
"antonio","Man",89
"antonius","Man",17
"antony","Man",27
"anwar","Man",32
"anya","Woman",16
"apollonia","Woman",13
"april","Woman",11
"aquiles","Man",13
"aquilino","Man",12
"ara","Man",13
"arabella","Woman",13
"araceli","Woman",11
"aram","Man",21
"archibald","Man",19
"archie","Man",18
"ari","Man",25
"ariadna","Woman",14
"ariana","Woman",23
"ariane","Woman",20
"arianna","Woman",20
"arie","Man",15
"ariel","Man",30
"arif","Man",17
"arina","Woman",14
"aris","Man",11
"aristide","Man",19
"aristides","Man",21
"arkady","Man",24
"arlene","Woman",14
"arlette","Woman",20
"arman","Man",18
"armand","Man",45
"armando","Man",48
"armel","Man",11
"armen","Man",18
"armin","Man",33
"armindo","Man",12
"arnaldo","Man",22
"arnaud","Man",23
"arne","Man",20
"arno","Man",24
"arnold","Man",63
"arnoldo","Man",16
"aron","Man",37
"arpad","Man",16
"arsen","Man",19
"arsene","Man",13
"arsenio","Man",23
"art","Man",20
"artem","Man",14
"arthur","Man",77
"artur","Man",47
"arturo","Man",34
"artyom","Man",19
"arvid","Man",11
"asha","Woman",20
"asher","Man",11
"ashraf","Man",14
"ashton","Man",12
"asia","Woman",14
"asim","Man",12
"asma","Woman",19
"astrid","Woman",42
"ata","Man",11
"atanasio","Man",15
"athena","Woman",11
"attila","Man",23
"aubrey","Man",14
"audrey","Woman",35
"august","Man",46
"augusta","Woman",28
"auguste","Man",20
"augustin","Man",44
"augustine","Man",25
"augustinus","Man",15
"augusto","Man",37
"augustus","Man",28
"aura","Woman",17
"aurel","Man",14
"aurelia","Woman",33
"aureliano","Man",14
"aurelie","Woman",17
"aurelien","Man",13
"aurelio","Man",33
"aurora","Woman",31
"austin","Man",30
"ava","Woman",14
"avelino","Man",15
"avraham","Man",15
"axel","Man",41
"aya","Woman",17
"ayad","Man",12
"ayesha","Woman",11
"ayla","Woman",12
"ayman","Man",20
"ayub","Man",14
"aziz","Man",51
"aziza","Woman",16
"azra","Woman",11
"b.","Man",37
"baba","Man",22
"babette","Woman",12
"bachir","Man",15
"badr","Man",15
"baltasar","Man",15
"baltazar","Man",12
"balthasar","Man",15
"balthazar","Man",18
"baptist","Man",12
"baptiste","Man",11
"barbara","Woman",83
"barnabas","Man",18
"barney","Man",11
"barry","Man",30
"bart","Man",12
"barthelemy","Man",19
"bartholomew","Man",15
"bartolome","Man",17
"baruch","Man",16
"bashir","Man",17
"basil","Man",35
"basile","Man",17
"basilio","Man",28
"bastian","Man",12
"bea","Woman",17
"beata","Woman",23
"beate","Woman",13
"beatrice","Woman",54
"beatrix","Woman",22
"beatriz","Woman",29
"becky","Woman",11
"bela","Man",22
"belen","Woman",11
"belinda","Woman",33
"belisario","Man",15
"bella","Woman",28
"belle","Woman",12
"ben","Man",71
"benedict","Man",32
"benedicto","Man",12
"benedictus","Man",13
"benedikt","Man",21
"beni","Man",12
"benigno","Man",20
"benita","Woman",21
"benito","Man",28
"benjamin","Man",105
"benno","Man",20
"benny","Man",34
"benoit","Man",17
"benson","Man",11
"berenice","Woman",21
"bernabe","Man",11
"bernadette","Woman",35
"bernard","Man",93
"bernarda","Woman",15
"bernardino","Man",18
"bernardo","Man",44
"bernd","Man",16
"bernhard","Man",25
"bernie","Man",16
"berry","Man",11
"bert","Man",25
"bertha","Woman",32
"berthe","Woman",12
"berthold","Man",19
"bertil","Man",12
"berto","Man",12
"bertram","Man",29
"bertrand","Man",34
"beryl","Woman",13
"beth","Woman",14
"betina","Woman",14
"beto","Man",13
"betsy","Woman",16
"bettina","Woman",34
"betty","Woman",52
"beverly","Woman",17
"bianca","Woman",42
"bianka","Woman",11
"bibi","Woman",17
"bibiana","Woman",20
"bilal","Man",31
"biljana","Woman",11
"bill","Man",44
"billy","Man",51
"birgit","Woman",16
"birgitta","Woman",11
"bjorn","Man",22
"blaise","Man",20
"blanca","Woman",22
"blanche","Woman",26
"blanka","Woman",13
"blas","Man",17
"bo","Man",14
"bob","Man",44
"bobby","Man",42
"bodo","Man",11
"bogdan","Man",35
"bohdan","Man",13
"bojan","Man",14
"bojana","Woman",12
"bonaventure","Man",14
"boniface","Man",19
"bonifacio","Man",18
"bonnie","Woman",15
"boris","Man",75
"borislav","Man",12
"bosco","Man",14
"bozena","Woman",13
"brad","Man",19
"bradley","Man",23
"brahim","Man",14
"brandon","Man",46
"branimir","Man",13
"branislav","Man",12
"branko","Man",21
"braulio","Man",18
"brayan","Man",13
"brenda","Woman",44
"brendan","Man",16
"brendon","Man",14
"brent","Man",15
"brett","Man",11
"brian","Man",68
"brice","Man",21
"bridget","Woman",14
"brigitta","Woman",16
"brigitte","Woman",42
"britt","Woman",14
"britta","Woman",13
"bronislaw","Man",13
"bruce","Man",34
"bruna","Woman",13
"bruno","Man",81
"bryan","Man",49
"buddy","Man",12
"burhan","Man",18
"burton","Man",12
"byron","Man",24
"c.","Man",36
"caesar","Man",19
"caitlin","Woman",13
"caleb","Man",20
"calixto","Man",15
"callum","Man",11
"calvin","Man",29
"camelia","Woman",11
"cameron","Man",20
"camila","Woman",26
"camilla","Woman",39
"camillo","Man",15
"camilo","Man",26
"can","Man",11
"candice","Woman",15
"candido","Man",17
"cara","Woman",13
"carin","Woman",11
"carina","Woman",40
"carine","Woman",13
"carl","Man",62
"carla","Woman",46
"carlo","Man",48
"carlos","Man",73
"carlos alberto","Man",18
"carlos eduardo","Man",12
"carlota","Woman",17
"carlotta","Woman",12
"carlton","Man",15
"carmel","Woman",13
"carmela","Woman",19
"carmelo","Man",20
"carmen","Woman",60
"carol","Woman",29
"carola","Woman",23
"carole","Woman",26
"carolin","Woman",11
"carolina","Woman",45
"caroline","Woman",55
"carolus","Man",11
"carolyn","Woman",22
"carrie","Woman",17
"carsten","Man",14
"casimir","Man",19
"casimiro","Man",16
"caspar","Man",21
"casper","Man",18
"cassandra","Woman",22
"catalina","Woman",24
"catarina","Woman",19
"caterina","Woman",20
"catharina","Woman",15
"catherina","Woman",11
"catherine","Woman",74
"cathy","Woman",36
"cayetano","Man",15
"cecil","Man",39
"cecile","Woman",25
"cecilia","Woman",63
"cecilio","Man",13
"cedric","Man",45
"celeste","Woman",26
"celestin","Man",16
"celestine","Woman",11
"celestino","Man",21
"celia","Woman",43
"celina","Woman",31
"celine","Woman",40
"celso","Man",19
"cesar","Man",47
"cesare","Man",13
"chad","Man",22
"chaim","Man",24
"chanel","Woman",11
"chantal","Woman",38
"charlene","Woman",18
"charles","Man",114
"charlie","Man",42
"charlotte","Woman",45
"charly","Man",23
"charmaine","Woman",15
"chelsea","Woman",22
"cherif","Man",12
"cherry","Woman",12
"cheryl","Woman",19
"chester","Man",15
"chiara","Woman",25
"chico","Man",18
"chloe","Woman",29
"chris","Man",60
"christa","Woman",22
"christel","Woman",12
"christelle","Woman",18
"christiaan","Man",15
"christian","Man",97
"christiana","Woman",19
"christiane","Woman",23
"christina","Woman",61
"christine","Woman",64
"christoph","Man",30
"christophe","Man",34
"christopher","Man",87
"christos","Man",11
"chuck","Man",12
"cindy","Woman",45
"cinthia","Woman",11
"cipriano","Man",18
"cirilo","Man",19
"ciro","Man",21
"claire","Woman",40
"clara","Woman",57
"clare","Woman",15
"clarence","Man",27
"clarissa","Woman",20
"clarisse","Woman",18
"clark","Man",11
"claude","Man",49
"claudette","Woman",12
"claudia","Woman",64
"claudine","Woman",21
"claudio","Man",44
"claudius","Man",17
"claus","Man",16
"clayton","Man",16
"clelia","Woman",11
"clemens","Man",17
"clement","Man",47
"clemente","Man",24
"clementina","Woman",19
"clementine","Woman",15
"cleo","Woman",11
"cleopatra","Woman",16
"cliff","Man",17
"clifford","Man",26
"clifton","Man",17
"clint","Man",12
"clinton","Man",18
"clive","Man",24
"clotilde","Woman",25
"clovis","Man",13
"clyde","Man",17
"coco","Woman",11
"colette","Woman",32
"colin","Man",45
"colleen","Woman",16
"collin","Man",17
"concepcion","Woman",14
"conchita","Woman",13
"connie","Woman",17
"connor","Man",15
"conor","Man",11
"conrad","Man",36
"conrado","Man",15
"constance","Woman",31
"constant","Man",16
"constantin","Man",33
"constantine","Man",16
"constantino","Man",28
"consuelo","Woman",23
"cora","Woman",23
"cordelia","Woman",17
"corey","Man",11
"corina","Woman",23
"corinna","Woman",11
"corinne","Woman",22
"cornel","Man",11
"cornelia","Woman",31
"cornelio","Man",17
"cornelis","Man",17
"cornelius","Man",35
"corrado","Man",11
"cosmas","Man",11
"cosme","Man",14
"costa","Man",13
"craig","Man",21
"crispin","Man",19
"cristhian","Man",13
"cristian","Man",46
"cristiana","Woman",11
"cristiano","Man",16
"cristina","Woman",50
"cristobal","Man",20
"cristopher","Man",13
"crystal","Woman",14
"csaba","Man",14
"curt","Man",19
"curtis","Man",22
"cynthia","Woman",58
"cyprian","Man",17
"cyprien","Man",12
"cyril","Man",44
"cyrille","Man",15
"cyrus","Man",22
"czeslaw","Man",14
"d.","Man",30
"dafne","Woman",13
"dag","Man",12
"dagmar","Woman",29
"dagoberto","Man",11
"daisy","Woman",44
"dale","Man",17
"dalia","Woman",36
"dalibor","Man",13
"dalila","Woman",18
"dalton","Man",12
"damaris","Woman",12
"damaso","Man",12
"damian","Man",50
"damien","Man",30
"damir","Man",20
"damon","Man",15
"dan","Man",49
"dana","Woman",32
"dane","Man",13
"dani","Man",22
"dania","Woman",17
"danica","Woman",22
"daniel","Man",136
"daniela","Woman",58
"daniella","Woman",34
"danielle","Woman",35
"daniil","Man",16
"danijel","Man",12
"danilo","Man",38
"danny","Man",59
"dante","Man",31
"danuta","Woman",12
"dany","Man",18
"daoud","Man",14
"daphne","Woman",25
"daria","Woman",24
"dario","Man",52
"darius","Man",29
"darja","Woman",11
"darko","Man",15
"darrell","Man",11
"darren","Man",24
"darryl","Man",16
"darwin","Man",22
"darya","Woman",24
"daryl","Man",13
"daud","Man",16
"dave","Man",38
"david","Man",156
"davide","Man",15
"davis","Man",21
"davor","Man",11
"davy","Man",14
"dawn","Woman",19
"dayana","Woman",15
"dea","Woman",11
"dean","Man",32
"debbie","Woman",21
"debby","Woman",11
"debora","Woman",22
"deborah","Woman",47
"debra","Woman",13
"dejan","Man",18
"delfina","Woman",17
"delia","Woman",29
"delphine","Woman",15
"demetrio","Man",25
"demi","Woman",11
"demian","Man",11
"denis","Man",96
"denise","Woman",54
"dennis","Man",72
"denny","Man",18
"denys","Man",17
"denzil","Man",16
"derek","Man",37
"derick","Man",12
"derrick","Man",30
"desiderio","Man",12
"desire","Man",21
"desiree","Woman",33
"desmond","Man",31
"devon","Man",13
"dexter","Man",16
"dezso","Man",11
"diana","Woman",94
"diane","Woman",34
"dianne","Woman",16
"dick","Man",31
"dickson","Man",13
"didier","Man",38
"diego","Man",54
"dieter","Man",26
"dietmar","Man",11
"dietrich","Man",14
"dieudonne","Man",17
"dimitri","Man",37
"dimitry","Man",11
"dina","Woman",61
"dinah","Woman",12
"dino","Man",45
"diogenes","Man",14
"dion","Man",22
"dionisio","Man",32
"dirk","Man",23
"dmitri","Man",15
"dmitry","Man",36
"dmytro","Man",12
"dolly","Woman",15
"dolores","Woman",41
"domenico","Man",25
"domingo","Man",28
"domingos","Man",12
"dominic","Man",47
"dominik","Man",23
"dominika","Woman",15
"don","Man",45
"donald","Man",60
"donaldo","Man",13
"donat","Man",14
"donato","Man",21
"donna","Woman",24
"donny","Man",11
"donovan","Man",15
"dora","Woman",62
"doreen","Woman",28
"dorian","Man",29
"doris","Woman",50
"dorotea","Woman",12
"dorothea","Woman",27
"dorothee","Woman",14
"dorothy","Woman",39
"doug","Man",14
"douglas","Man",48
"dov","Man",11
"dragan","Man",23
"dudley","Man",12
"dulce","Woman",11
"duncan","Man",26
"dusan","Man",19
"dustin","Man",17
"dwayne","Man",15
"dwight","Man",19
"dylan","Man",37
"e.","Man",27
"earl","Man",21
"ebenezer","Man",15
"eberhard","Man",19
"ebrahim","Man",12
"ed","Man",37
"eda","Woman",12
"edda","Woman",17
"eddie","Man",54
"eddy","Man",45
"eden","Man",12
"eder","Man",15
"edgar","Man",73
"edgard","Man",23
"edgardo","Man",22
"edi","Man",14
"edin","Man",12
"edison","Man",25
"edit","Woman",17
"edita","Woman",16
"edith","Woman",55
"edmond","Man",52
"edmund","Man",51
"edmundo","Man",27
"edna","Woman",34
"edo","Man",14
"edoardo","Man",13
"edouard","Man",39
"edson","Man",20
"eduard","Man",59
"eduardo","Man",48
"edvard","Man",20
"edvin","Man",15
"edward","Man",89
"edwin","Man",75
"edy","Man",12
"efraim","Man",14
"efrain","Man",20
"egbert","Man",12
"egidio","Man",16
"egon","Man",31
"eileen","Woman",29
"einar","Man",15
"ekaterina","Woman",27
"ela","Woman",17
"eladio","Man",15
"elaine","Woman",25
"elda","Woman",11
"eldar","Man",14
"eleanor","Woman",33
"eleazar","Man",18
"elemer","Man",12
"elen","Woman",12
"elena","Woman",78
"eleni","Woman",14
"eleonora","Woman",41
"eleonore","Woman",18
"eleuterio","Man",13
"elfriede","Woman",11
"eli","Man",30
"eliana","Woman",23
"eliane","Woman",20
"elias","Man",78
"elida","Woman",13
"elie","Man",28
"eliezer","Man",19
"eligio","Man",12
"elijah","Man",19
"elina","Woman",32
"elinor","Woman",12
"elio","Man",25
"elisa","Woman",42
"elisabet","Woman",15
"elisabeth","Woman",52
"elise","Woman",31
"eliseo","Man",18
"eliza","Woman",36
"elizabeta","Woman",13
"elizabeth","Woman",92
"elke","Woman",12
"ella","Woman",45
"elle","Woman",12
"ellen","Woman",38
"elli","Woman",16
"ellie","Woman",16
"ellinor","Woman",12
"elliot","Man",15
"elliott","Man",13
"ellis","Man",14
"elly","Woman",16
"elma","Woman",22
"elmar","Man",19
"elmer","Man",19
"elmira","Woman",13
"elmo","Man",13
"elodie","Woman",19
"eloi","Man",11
"eloisa","Woman",11
"eloy","Man",18
"elsa","Woman",58
"else","Woman",12
"elsie","Woman",29
"elton","Man",23
"elvin","Man",15
"elvira","Woman",47
"elvis","Man",49
"ely","Man",12
"elza","Woman",17
"ema","Woman",27
"emanuel","Man",60
"emanuela","Woman",17
"emanuele","Man",13
"emerson","Man",19
"emil","Man",67
"emile","Man",45
"emilia","Woman",57
"emilian","Man",12
"emiliano","Man",25
"emilie","Woman",32
"emilija","Woman",11
"emilio","Man",42
"emily","Woman",43
"emina","Woman",11
"emir","Man",23
"emma","Woman",75
"emmanuel","Man",90
"emmanuelle","Woman",14
"emmy","Woman",16
"ena","Woman",20
"endre","Man",16
"enes","Man",15
"engelbert","Man",20
"enid","Woman",12
"enoch","Man",31
"enrico","Man",29
"enrique","Man",36
"enriqueta","Woman",15
"enver","Man",18
"enzo","Man",30
"ephraim","Man",26
"epifanio","Man",12
"erasmo","Man",14
"erasmus","Man",14
"erhard","Man",13
"eric","Man",100
"erica","Woman",40
"erich","Man",34
"erick","Man",37
"erik","Man",58
"erika","Woman",55
"erin","Woman",19
"erland","Man",11
"erling","Man",12
"erna","Woman",31
"ernest","Man",73
"ernestina","Woman",15
"ernestine","Woman",18
"ernesto","Man",48
"ernie","Man",17
"erno","Man",17
"ernst","Man",43
"erol","Man",13
"errol","Man",18
"ervin","Man",29
"erwin","Man",47
"erzsebet","Woman",13
"esmeralda","Woman",22
"esperanza","Woman",15
"estanislao","Man",15
"esteban","Man",30
"estefania","Woman",15
"estela","Woman",15
"estelle","Woman",26
"ester","Woman",36
"esther","Woman",81
"ethan","Man",16
"ethel","Woman",33
"etienne","Man",46
"ettore","Man",11
"eugen","Man",36
"eugene","Man",67
"eugenia","Woman",54
"eugenie","Woman",23
"eugenio","Man",35
"eugeniusz","Man",12
"eulalia","Woman",11
"eunice","Woman",33
"eusebio","Man",25
"eusebius","Man",11
"eustace","Man",11
"eva","Woman",78
"evan","Man",26
"evangelina","Woman",11
"evans","Man",20
"evaristo","Man",20
"eve","Woman",22
"evelin","Woman",18
"evelina","Woman",27
"eveline","Woman",20
"evelyn","Woman",48
"evelyne","Woman",22
"everard","Man",12
"evert","Man",19
"evgenia","Woman",18
"evgeny","Man",28
"evi","Woman",16
"evita","Woman",13
"ewa","Woman",15
"ewald","Man",23
"ezekiel","Man",20
"ezequiel","Man",23
"ezio","Man",11
"ezra","Man",22
"f.","Man",33
"fabian","Man",54
"fabiana","Woman",14
"fabien","Man",16
"fabienne","Woman",15
"fabio","Man",38
"fabiola","Woman",24
"fabrice","Man",23
"fabricio","Man",15
"fabrizio","Man",20
"facundo","Man",13
"faisal","Man",37
"faith","Woman",14
"faiz","Man",19
"fanny","Woman",43
"farah","Woman",25
"fares","Man",13
"farhad","Man",18
"farid","Man",36
"farida","Woman",26
"faris","Man",20
"farouk","Man",13
"faruk","Man",19
"fathi","Man",15
"fatima","Woman",66
"fatma","Woman",20
"faustina","Woman",12
"faustino","Man",25
"fausto","Man",25
"faye","Woman",13
"federica","Woman",13
"federico","Man",39
"fedor","Man",15
"felicia","Woman",34
"feliciano","Man",19
"felicita","Woman",11
"felicitas","Woman",17
"feliks","Man",18
"felipe","Man",38
"felix","Man",102
"ferdinand","Man",55
"ferdinando","Man",14
"ferenc","Man",25
"fermin","Man",18
"fernand","Man",22
"fernanda","Woman",30
"fernando","Man",55
"festus","Man",11
"fidel","Man",28
"fidele","Man",12
"filip","Man",33
"filipe","Man",19
"filipp","Man",11
"filippa","Woman",11
"filippo","Man",12
"filomena","Woman",23
"finn","Man",13
"fiona","Woman",31
"fiorella","Woman",12
"firmin","Man",13
"flavia","Woman",22
"flavio","Man",33
"flor","Woman",15
"flora","Woman",44
"flore","Woman",13
"florence","Woman",39
"florencio","Man",22
"florent","Man",19
"florentin","Man",14
"florentina","Woman",13
"florentino","Man",15
"florian","Man",32
"floyd","Man",15
"fortunato","Man",19
"fouad","Man",19
"franc","Man",19
"franca","Woman",12
"france","Man",11
"frances","Woman",30
"francesca","Woman",39
"francesco","Man",34
"francine","Woman",24
"francis","Man",84
"francisca","Woman",42
"francisco","Man",56
"francisco javier","Man",16
"francisco jose","Man",14
"franciscus","Man",13
"franciszek","Man",15
"franck","Man",25
"franco","Man",45
"francois","Man",64
"francois xavier","Man",12
"francoise","Woman",31
"frank","Man",87
"franka","Woman",11
"frankie","Man",15
"franklin","Man",50
"franko","Man",12
"frans","Man",24
"frantisek","Man",17
"frantz","Man",13
"franz","Man",44
"franziska","Woman",17
"fred","Man",65
"freda","Woman",15
"freddie","Man",21
"freddy","Man",55
"frederic","Man",49
"frederica","Woman",12
"frederick","Man",61
"frederico","Man",15
"frederik","Man",24
"fredrick","Man",16
"fredrik","Man",17
"fredy","Man",22
"freya","Woman",12
"frida","Woman",31
"fridolin","Man",11
"frieda","Woman",22
"friederike","Woman",11
"friedrich","Man",41
"frits","Man",14
"fritz","Man",35
"fuad","Man",31
"fulvio","Man",11
"fyodor","Man",24
"g.","Man",29
"gabi","Woman",15
"gabor","Man",19
"gabriel","Man",106
"gabriela","Woman",59
"gabriele","Woman",11
"gabriella","Woman",40
"gabrielle","Woman",34
"gaby","Woman",16
"gad","Man",13
"gael","Man",15
"gaetan","Man",14
"gaetano","Man",15
"gaia","Woman",11
"gail","Woman",15
"galina","Woman",31
"gareth","Man",17
"garfield","Man",11
"garry","Man",19
"garth","Man",13
"gary","Man",56
"gaspar","Man",33
"gaspard","Man",16
"gaston","Man",49
"gavin","Man",25
"gedeon","Man",16
"gemma","Woman",23
"genaro","Man",15
"gene","Man",20
"genevieve","Woman",24
"gennady","Man",29
"gennaro","Man",13
"genoveva","Woman",15
"geoff","Man",11
"geoffrey","Man",38
"georg","Man",43
"george","Man",111
"georges","Man",63
"georgette","Woman",22
"georgi","Man",19
"georgia","Woman",24
"georgiana","Woman",14
"georgina","Woman",43
"georgine","Woman",11
"georgios","Man",15
"georgiy","Man",36
"gerald","Man",45
"geraldine","Woman",34
"geraldo","Man",16
"gerard","Man",64
"gerardo","Man",34
"gerd","Man",14
"gerda","Woman",31
"gerhard","Man",33
"germain","Man",20
"germaine","Woman",17
"german","Man",39
"geronimo","Man",13
"gerrit","Man",17
"gerry","Man",24
"gerson","Man",31
"gert","Man",19
"gertrud","Woman",22
"gertrude","Woman",33
"gervais","Man",25
"geza","Man",17
"ghassan","Man",14
"giacomo","Man",17
"gian","Man",19
"giancarlo","Man",19
"gianluca","Man",17
"gianna","Woman",13
"gianni","Man",21
"gideon","Man",29
"gigi","Woman",13
"gil","Man",31
"gilbert","Man",70
"gilberto","Man",33
"gilda","Woman",24
"giles","Man",14
"gilles","Man",25
"gillian","Woman",16
"gina","Woman",52
"ginette","Woman",13
"gino","Man",33
"giorgio","Man",28
"giovanna","Woman",26
"giovanni","Man",53
"giovanni battista","Man",13
"gisela","Woman",30
"gisele","Woman",25
"giselle","Woman",26
"gita","Woman",19
"gitta","Woman",12
"giulia","Woman",17
"giuliano","Man",17
"giulio","Man",20
"giuseppe","Man",41
"giuseppina","Woman",11
"gladys","Woman",46
"gleb","Man",13
"glen","Man",29
"glenda","Woman",21
"glenn","Man",33
"gloria","Woman",74
"godfrey","Man",33
"godwin","Man",16
"gonzalo","Man",28
"goran","Man",28
"gordon","Man",34
"gottfried","Man",21
"gottlieb","Man",23
"grace","Woman",54
"gracia","Woman",13
"graciela","Woman",23
"graeme","Man",11
"graham","Man",16
"grant","Man",15
"grazia","Woman",12
"graziella","Woman",13
"greg","Man",30
"gregoire","Man",19
"gregor","Man",26
"gregorio","Man",32
"gregorius","Man",14
"gregory","Man",68
"greta","Woman",40
"grete","Woman",19
"grigori","Man",17
"griselda","Woman",13
"grzegorz","Man",12
"guadalupe","Woman",12
"gualberto","Man",13
"gudrun","Woman",13
"guglielmo","Man",13
"guido","Man",48
"guilherme","Man",13
"guillaume","Man",35
"guillermo","Man",38
"gunnar","Man",21
"gunter","Man",19
"gunther","Man",24
"gus","Man",19
"gustaf","Man",14
"gustav","Man",37
"gustave","Man",26
"gustavo fortunato","Man",31
"gustavus","Man",11
"guy","Man",53
"gwendoline","Woman",14
"gwendolyn","Woman",14
"gyorgy","Man",18
"gyula","Man",15
"h.","Man",30
"habib","Man",46
"hadi","Man",20
"hafiz","Man",15
"haidar","Man",13
"haim","Man",19
"hakan","Man",15
"hakim","Man",17
"hal","Man",14
"hala","Woman",12
"halil","Man",14
"halim","Man",17
"halima","Woman",22
"halina","Woman",16
"hamad","Man",11
"hamdi","Man",14
"hamed","Man",20
"hamid","Man",40
"hamilton","Man",22
"hamza","Man",39
"hana","Woman",37
"hanan","Woman",12
"hani","Man",14
"hanna","Woman",47
"hannah","Woman",49
"hanne","Woman",11
"hannelore","Woman",12
"hannes","Man",14
"hanni","Woman",11
"hannibal","Man",15
"hanno","Man",12
"hans","Man",53
"harald","Man",25
"hardy","Man",15
"haris","Man",21
"harold","Man",52
"harriet","Woman",27
"harris","Man",21
"harrison","Man",17
"harry","Man",74
"harun","Man",13
"harvey","Man",19
"hasan","Man",42
"hashim","Man",19
"hassan","Man",65
"hawa","Woman",13
"hayden","Man",11
"hazel","Woman",20
"heather","Woman",16
"heber","Man",11
"hector","Man",50
"hedi","Woman",11
"hedwig","Woman",17
"heidi","Woman",35
"hein","Man",11
"heino","Man",11
"heinrich","Man",40
"heinz","Man",28
"helen","Woman",60
"helena","Woman",70
"helene","Woman",47
"helga","Woman",37
"helge","Man",11
"helio","Man",12
"heliodoro","Man",11
"hellen","Woman",16
"helmut","Man",31
"helmuth","Man",15
"hendrick","Man",12
"hendrik","Man",21
"henk","Man",12
"henning","Man",11
"henny","Woman",11
"henri","Man",66
"henrietta","Woman",23
"henriette","Woman",37
"henrik","Man",28
"henrique","Man",24
"henry","Man",105
"henryk","Man",18
"herbert","Man",62
"hercules","Man",13
"heriberto","Man",17
"herman","Man",64
"hermann","Man",52
"hermenegildo","Man",14
"hermes","Man",21
"hermine","Woman",19
"herminia","Woman",11
"herminio","Man",11
"hermogenes","Man",11
"hernan","Man",20
"hernando","Man",15
"herold","Man",12
"herta","Woman",13
"herve","Man",24
"hicham","Man",11
"hieronymus","Man",13
"hilario","Man",17
"hilarion","Man",17
"hilda","Woman",64
"hilde","Woman",14
"hildegard","Woman",22
"hilmar","Man",11
"hilton","Man",11
"hind","Woman",11
"hipolito","Man",12
"hippolyte","Man",16
"hiram","Man",13
"hirsch","Man",12
"hisham","Man",23
"hjalmar","Man",12
"holger","Man",17
"homero","Man",11
"honore","Man",19
"horace","Man",29
"horacio","Man",29
"horst","Man",23
"hortense","Woman",16
"hortensia","Woman",17
"howard","Man",29
"hubert","Man",51
"hubertus","Man",14
"huda","Woman",16
"hugh","Man",29
"hugo","Man",73
"hugues","Man",14
"hulda","Woman",16
"humberto","Man",26
"humphrey","Man",12
"huseyin","Man",13
"hussein","Man",49
"i.","Man",20
"iain","Man",12
"ian","Man",67
"ibrahim","Man",87
"ibrahima","Man",11
"ida","Woman",53
"idris","Man",22
"ignac","Man",11
"ignace","Man",22
"ignacio","Man",29
"ignacy","Man",15
"ignatius","Man",36
"ignaz","Man",14
"igor","Man",66
"ike","Man",13
"ilan","Man",16
"ilana","Woman",13
"ildefonso","Man",16
"ildiko","Woman",15
"ileana","Woman",16
"ilia","Man",14
"ilias","Man",19
"ilija","Man",12
"ilja","Man",18
"ilka","Woman",11
"ilona","Woman",26
"ilse","Woman",27
"ilya","Man",27
"ilyas","Man",11
"imad","Man",15
"iman","Woman",16
"imelda","Woman",20
"immanuel","Man",22
"imran","Man",27
"imre","Man",21
"ina","Woman",37
"indira","Woman",29
"ines","Woman",45
"inez","Woman",19
"inga","Woman",26
"inge","Woman",16
"ingeborg","Woman",19
"ingo","Man",14
"ingrid","Woman",60
"inna","Woman",22
"innocent","Man",18
"ioan","Man",11
"ioannis","Man",12
"ion","Man",19
"iona","Woman",11
"iosif","Man",26
"iqbal","Man",12
"ira","Woman",14
"irena","Woman",38
"irene","Woman",81
"irfan","Man",19
"irina","Woman",52
"iris","Woman",53
"irma","Woman",56
"irvin","Man",13
"irving","Man",16
"iryna","Woman",11
"isaac","Man",88
"isaak","Man",23
"isabel","Woman",59
"isabela","Woman",14
"isabella","Woman",55
"isabelle","Woman",39
"isac","Man",11
"isaiah","Man",18
"isaias","Man",17
"isak","Man",13
"ishak","Man",12
"isidor","Man",24
"isidore","Man",23
"isidoro","Man",16
"isidro","Man",18
"islam","Man",14
"ismael","Man",48
"ismail","Man",65
"israel","Man",51
"issa","Man",30
"issam","Man",14
"istvan","Man",26
"ita","Woman",11
"italo","Man",17
"iva","Woman",17
"ivan","Man",97
"ivana","Woman",37
"ivar","Man",19
"ivette","Woman",12
"ivica","Man",12
"ivo","Man",40
"ivona","Woman",14
"ivonne","Woman",20
"ivor","Man",24
"ivy","Woman",22
"iwan","Man",25
"iza","Woman",15
"izabela","Woman",14
"izabella","Woman",13
"j.","Man",50
"j.j.","Man",11
"ja'far","Man",13
"jacinta","Woman",16
"jacinto","Man",25
"jack","Man",68
"jackson","Man",29
"jacky","Man",11
"jacob","Man",79
"jacobo","Man",22
"jacobus","Man",18
"jacqueline","Woman",73
"jacques","Man",76
"jade","Woman",26
"jadwiga","Woman",13
"jaime","Man",35
"jair","Man",17
"jairo","Man",18
"jake","Man",26
"jakob","Man",42
"jakov","Man",11
"jakub","Man",22
"jalal","Man",20
"jamal","Man",56
"james","Man",104
"jamie","Man",19
"jamil","Man",32
"jamila","Woman",25
"jan","Man",56
"jana","Woman",47
"jane","Woman",51
"janet","Woman",47
"janette","Woman",17
"janice","Woman",25
"janina","Woman",31
"janine","Woman",28
"janis","Man",13
"janko","Man",19
"janna","Woman",16
"janos","Man",24
"janus","Man",12
"janusz","Man",11
"jaqueline","Woman",12
"jared","Man",20
"jaroslav","Man",17
"jaroslaw","Man",11
"jasmin","Woman",23
"jasmina","Woman",12
"jasmine","Woman",43
"jasna","Woman",12
"jason","Man",62
"jasper","Man",19
"javad","Man",17
"javier","Man",35
"jay","Man",40
"jayne","Woman",11
"jayson","Man",17
"jazmin","Woman",14
"jean baptiste","Man",35
"jean charles","Man",12
"jean claude","Man",30
"jean francois","Man",17
"jean jacques","Man",24
"jean louis","Man",21
"jean luc","Man",19
"jean marc","Man",17
"jean marie","Man",24
"jean michel","Man",19
"jean paul","Man",32
"jean pierre","Man",38
"jeanette","Woman",27
"jeanine","Woman",22
"jeanne","Woman",49
"jeannette","Woman",32
"jeannine","Woman",18
"jeannot","Man",13
"jeff","Man",40
"jefferson","Man",22
"jeffrey","Man",39
"jelena","Woman",28
"jenifer","Woman",13
"jenna","Woman",18
"jenni","Woman",11
"jennie","Woman",15
"jennifer","Woman",78
"jenny","Woman",49
"jeno","Man",14
"jens","Man",21
"jeremiah","Man",22
"jeremias","Man",24
"jeremie","Man",13
"jeremy","Man",41
"jerome","Man",50
"jeronimo","Man",23
"jerry","Man",54
"jerzy","Man",18
"jesse","Man",33
"jessica","Woman",71
"jessie","Woman",26
"jessika","Woman",11
"jesus","Man",32
"jethro","Man",11
"jhoao","Man",18
"jhonny","Man",11
"jill","Woman",26
"jim","Man",46
"jimi","Man",18
"jimmy","Man",81
"jiri","Man",16
"jo","Man",12
"joachim","Man",42
"joakim","Man",15
"joana","Woman",29
"joanna","Woman",39
"joanne","Woman",28
"joannes","Man",13
"joao","Man",25
"joaquim","Man",22
"joaquin","Man",32
"job","Man",26
"joe","Man",71
"joel","Man",83
"joelle","Woman",24
"joey","Man",20
"johan","Man",52
"johann","Man",49
"johanna","Woman",48
"johannes","Man",43
"john","Man",129
"john paul","Man",11
"johnny","Man",75
"johnson","Man",18
"johny","Man",14
"jolanda","Woman",12
"jon","Man",39
"jonah","Man",22
"jonas","Man",58
"jonatan","Man",19
"jonathan","Man",78
"jonny","Man",21
"jordan","Man",51
"jordana","Woman",11
"jordi","Man",19
"jordy","Man",12
"jorg","Man",13
"jorge","Man",54
"jorge antonio","Man",14
"jorge luis","Man",18
"joris","Man",15
"jorn","Man",13
"jos","Man",11
"jose","Man",70
"jose adolfo","Man",12
"jose alberto","Man",17
"jose antonio","Man",27
"jose carlos","Man",12
"jose daniel","Man",15
"jose fernando","Man",14
"jose francisco","Man",15
"jose guillermo","Man",13
"jose ignacio","Man",11
"jose luis","Man",26
"jose manuel","Man",22
"jose maria","Man",27
"jose miguel","Man",11
"jose ramon","Man",16
"josef","Man",49
"josefa","Woman",28
"josefina","Woman",32
"josep","Man",15
"joseph","Man",141
"josephine","Woman",51
"josette","Woman",14
"josh","Man",27
"joshua","Man",60
"josiah","Man",12
"josiane","Woman",13
"josias","Man",12
"josie","Woman",11
"josip","Man",18
"josua","Man",11
"josue","Man",31
"jovan","Man",17
"joy","Woman",28
"joyce","Woman",41
"jozef","Man",29
"jozsef","Man",21
"juan","Man",55
"juan antonio","Man",20
"juan bautista","Man",23
"juan carlos","Man",28
"juan francisco","Man",14
"juan ignacio","Man",12
"juan jose","Man",22
"juan manuel","Man",23
"juan miguel","Man",11
"juan nepomuceno","Man",11
"juan pablo","Man",19
"juan de dios","Man",12
"juana","Woman",29
"juanita","Woman",20
"judit","Woman",20
"judith","Woman",63
"judy","Woman",28
"jules","Man",37
"julia","Woman",78
"julian","Man",72
"juliana","Woman",54
"juliane","Woman",12
"julianna","Woman",11
"julie","Woman",55
"julien","Man",37
"julienne","Woman",12
"juliet","Woman",23
"julieta","Woman",20
"juliette","Woman",32
"julio","Man",48
"julio cesar","Man",20
"julius","Man",57
"juma","Man",12
"june","Woman",24
"junior","Man",49
"jurgen","Man",24
"juri","Man",12
"jurij","Man",15
"justin","Man",73
"justina","Woman",20
"justine","Woman",32
"justino","Man",13
"justo","Man",23
"justus","Man",19
"jusuf","Man",20
"jutta","Woman",12
"juvenal","Man",15
"k.","Man",21
"kai","Man",19
"kaja","Woman",11
"kalman","Man",15
"kamal","Man",39
"kamel","Man",14
"kamil","Man",33
"kamila","Woman",20
"kamilla","Woman",16
"kamran","Man",15
"kara","Woman",12
"kareem","Man",11
"karel","Man",27
"karen","Woman",60
"karim","Man",63
"karima","Woman",17
"karin","Woman",43
"karina","Woman",56
"karine","Woman",22
"karl","Man",67
"karla","Woman",38
"karlo","Man",15
"karmen","Woman",12
"karol","Man",21
"karolina","Woman",36
"karoline","Woman",17
"karoly","Man",20
"karyn","Woman",11
"kasimir","Man",13
"kaspar","Man",17
"kasper","Man",11
"kassim","Man",15
"katalin","Woman",19
"katarina","Woman",34
"katarzyna","Woman",13
"kate","Woman",32
"katerina","Woman",26
"katharina","Woman",23
"katharine","Woman",13
"kathe","Woman",12
"katherine","Woman",49
"kathleen","Woman",27
"kathrin","Woman",11
"kathryn","Woman",15
"kathy","Woman",23
"kati","Woman",14
"katia","Woman",35
"katie","Woman",25
"katinka","Woman",12
"katja","Woman",25
"katrin","Woman",24
"katrina","Woman",25
"katrine","Woman",11
"katy","Woman",25
"katya","Woman",17
"kayla","Woman",14
"kazimierz","Man",13
"keith","Man",35
"kelly","Woman",21
"kelvin","Man",42
"kemal","Man",18
"ken","Man",46
"kenan","Man",19
"kenji","Man",11
"kennedy","Man",18
"kenneth","Man",64
"kenny","Man",40
"kent","Man",15
"kerstin","Woman",13
"ketty","Woman",16
"kevin","Man",97
"khadija","Woman",26
"khaled","Man",31
"khalid","Man",49
"khalil","Man",21
"kiara","Woman",15
"kiki","Woman",14
"kilian","Man",15
"kim","Man",13
"kimberley","Woman",11
"kimberly","Woman",32
"king","Man",11
"kingsley","Man",15
"kira","Woman",24
"kirill","Man",28
"kirk","Man",11
"kirsten","Woman",18
"kitty","Woman",23
"klara","Woman",38
"klaudia","Woman",15
"klaus","Man",30
"klemens","Man",13
"kofi","Man",11
"konrad","Man",29
"konstantin","Man",42
"konstantinos","Man",12
"kornelia","Woman",11
"kosta","Man",17
"kostas","Man",13
"kris","Man",20
"krista","Woman",17
"kristel","Woman",12
"kristi","Woman",12
"kristian","Man",35
"kristin","Woman",18
"kristina","Woman",46
"kristine","Woman",22
"kristof","Man",16
"kristofer","Man",11
"krystyna","Woman",14
"krzysztof","Man",13
"ksenia","Woman",11
"kuno","Man",12
"kurt","Man",49
"kwame","Man",14
"kyle","Man",19
"kyra","Woman",17
"l.","Man",29
"lada","Woman",11
"ladislav","Man",15
"ladizlao","Man",14
"laetitia","Woman",28
"laila","Woman",44
"lajos","Man",22
"lama","Man",14
"lambert","Man",32
"lamberto","Man",12
"lamine","Man",15
"lana","Woman",28
"lance","Man",20
"lancelot","Man",17
"lara","Woman",46
"larisa","Woman",24
"larissa","Woman",37
"larry","Man",48
"lars","Man",21
"laszlo","Man",28
"latfia","Woman",12
"laura","Woman",85
"laure","Woman",19
"laureano","Man",16
"lauren","Woman",22
"laurence","Man",21
"laurens","Man",14
"laurent","Man",36
"laurentius","Man",12
"lauro","Man",15
"lavinia","Woman",19
"lawrence","Man",54
"layla","Woman",23
"lazar","Man",22
"lazaro","Man",19
"lazarus","Man",15
"lea","Woman",43
"leah","Woman",28
"leander","Man",18
"leandra","Woman",11
"leandro","Man",33
"leda","Woman",13
"lee","Man",17
"leena","Woman",14
"leif","Man",11
"leila","Woman",61
"len","Man",11
"lena","Woman",54
"leni","Woman",13
"lenka","Woman",18
"lennox","Man",13
"lenny","Man",12
"leo","Man",77
"leon","Man",83
"leona","Woman",23
"leonard","Man",69
"leonardo","Man",48
"leoncio","Man",11
"leonel","Man",32
"leonhard","Man",14
"leonid","Man",31
"leonida","Man",16
"leonidas","Man",22
"leonie","Woman",28
"leonor","Woman",19
"leonora","Woman",30
"leontina","Woman",11
"leontine","Woman",17
"leopold","Man",49
"leopoldina","Woman",12
"leopoldine","Woman",11
"leopoldo","Man",29
"leroy","Man",25
"les","Man",11
"lesley","Woman",11
"leslie","Man",34
"lester","Man",27
"leticia","Woman",25
"letitia","Woman",12
"lev","Man",26
"levi","Man",24
"lew","Man",12
"lewis","Man",28
"lex","Man",16
"leyla","Woman",29
"lia","Woman",38
"liam","Man",22
"liana","Woman",32
"liane","Woman",13
"lida","Woman",21
"lidia","Woman",47
"lidija","Woman",16
"lidiya","Woman",11
"ligia","Woman",16
"lila","Woman",23
"lili","Woman",30
"lilia","Woman",31
"lilian","Woman",48
"liliana","Woman",35
"liliane","Woman",23
"lilla","Woman",12
"lilli","Woman",11
"lillian","Woman",27
"lilly","Woman",34
"lily","Woman",50
"lina","Woman",64
"lincoln","Man",15
"linda","Woman",72
"lino","Man",34
"linus","Man",22
"lionel","Man",47
"lis","Woman",14
"lisa","Woman",54
"lisandro","Man",12
"lisbeth","Woman",20
"lise","Woman",18
"liselotte","Woman",11
"lisette","Woman",19
"lita","Woman",13
"liv","Woman",16
"livia","Woman",29
"livio","Man",16
"liz","Woman",38
"liza","Woman",34
"lizzie","Woman",18
"lizzy","Woman",11
"lloyd","Man",32
"lois","Woman",13
"lola","Woman",45
"lolita","Woman",25
"lora","Woman",14
"lorena","Woman",35
"lorenz","Man",22
"lorenza","Woman",12
"lorenzo","Man",48
"loretta","Woman",18
"lori","Woman",13
"loris","Man",16
"lorna","Woman",23
"lorraine","Woman",23
"lotfi","Man",11
"lothar","Man",14
"lotte","Woman",17
"louis","Man",84
"louisa","Woman",33
"louise","Woman",54
"lourdes","Woman",22
"luana","Woman",18
"luc","Man",29
"luca","Man",28
"lucas","Man",56
"lucia","Woman",56
"lucian","Man",11
"luciana","Woman",18
"luciano","Man",37
"lucie","Woman",30
"lucien","Man",40
"lucienne","Woman",13
"lucila","Woman",13
"lucille","Woman",12
"lucinda","Woman",15
"lucio","Man",25
"lucius","Man",12
"lucrecia","Woman",13
"lucy","Woman",60
"ludmila","Woman",23
"ludmilla","Woman",12
"ludovic","Man",26
"ludovico","Man",14
"ludvig","Man",11
"ludwig","Man",39
"ludwik","Man",14
"luigi","Man",32
"luis","Man",65
"luis alberto","Man",16
"luis enrique","Man",11
"luis felipe","Man",13
"luis miguel","Man",11
"luisa","Woman",44
"luise","Woman",19
"luiza","Woman",17
"luka","Man",26
"lukas","Man",37
"luke","Man",41
"lulu","Woman",12
"luna","Woman",30
"luther","Man",11
"luz","Woman",16
"lydia","Woman",67
"lynda","Woman",17
"lynette","Woman",13
"lynn","Woman",17
"lyubov","Woman",13
"lyudmila","Woman",21
"maarten","Man",12
"mabel","Woman",36
"mac","Man",13
"macario","Man",11
"maciej","Man",11
"madeleine","Woman",44
"madeline","Woman",13
"mae","Woman",12
"magali","Woman",21
"magda","Woman",45
"magdalena","Woman",55
"maggie","Woman",29
"magnus","Man",29
"maha","Woman",12
"mahdi","Man",21
"mahir","Man",12
"mahmoud","Man",52
"mai","Woman",19
"maia","Woman",28
"maite","Woman",15
"maja","Woman",26
"maksim","Man",33
"malcolm","Man",36
"malena","Woman",13
"malia","Woman",11
"malik","Man",31
"malika","Woman",25
"malvina","Woman",18
"mamadou","Man",19
"mamitas","Woman",36
"mandy","Woman",18
"manfred","Man",36
"mani","Man",19
"manny","Man",21
"manolo","Man",16
"manon","Woman",16
"mansour","Man",23
"manu","Man",24
"manuel","Man",74
"manuel jose","Man",13
"manuel de jesus","Man",12
"manuela","Woman",43
"mara","Woman",34
"marat","Man",14
"marc","Man",61
"marcel","Man",68
"marcela","Woman",35
"marcelina","Woman",11
"marcelino","Man",24
"marcella","Woman",26
"marcelle","Woman",19
"marcello","Man",22
"marcelo","Man",36
"marcia","Woman",31
"marcial","Man",11
"marciano","Man",13
"marcio","Man",16
"marco","Man",71
"marcos","Man",48
"marcus","Man",46
"marek","Man",19
"marga","Woman",17
"margaret","Woman",63
"margareta","Woman",26
"margarete","Woman",16
"margareth","Woman",13
"margaretha","Woman",15
"margarethe","Woman",14
"margarita","Woman",52
"margherita","Woman",17
"margit","Woman",22
"margo","Woman",18
"margot","Woman",31
"margret","Woman",22
"marguerite","Woman",34
"mari","Woman",28
"maria","Woman",108
"maria isabel","Woman",14
"maria jose","Woman",18
"maria luisa","Woman",21
"maria rosa","Woman",11
"maria teresa","Woman",26
"mariah","Woman",11
"mariam","Woman",50
"mariama","Woman",18
"mariana","Woman",52
"marianela","Woman",13
"marianna","Woman",29
"marianne","Woman",38
"mariano","Man",39
"maribel","Woman",16
"marie","Woman",79
"marie christine","Woman",12
"marie claire","Woman",16
"marie louise","Woman",25
"marie therese","Woman",14
"mariel","Woman",13
"mariela","Woman",20
"mariella","Woman",17
"marielle","Woman",13
"marietta","Woman",21
"mariette","Woman",13
"marija","Woman",28
"marijan","Man",11
"marika","Woman",29
"marilyn","Woman",29
"marin","Man",19
"marina","Woman",87
"marino","Man",26
"marinus","Man",11
"mario","Man",83
"marion","Woman",29
"marisa","Woman",31
"marisol","Woman",14
"marissa","Woman",18
"marita","Woman",24
"maritza","Woman",16
"marius","Man",43
"mariya","Woman",28
"marja","Woman",11
"marjorie","Woman",28
"mark","Man",87
"marko","Man",40
"markus","Man",36
"marlen","Woman",13
"marlene","Woman",45
"marlies","Woman",11
"marlon","Man",40
"marsha","Woman",15
"marshall","Man",17
"marta","Woman",56
"marten","Man",16
"martha","Woman",63
"marthe","Woman",17
"martial","Man",12
"martin","Man",107
"martina","Woman",52
"martine","Woman",24
"martinus","Man",13
"marty","Man",11
"maruja","Woman",11
"marvin","Man",44
"marwan","Man",20
"mary","Woman",79
"maryam","Woman",30
"maryse","Woman",14
"masoud","Man",12
"massimiliano","Man",11
"massimo","Man",18
"matej","Man",14
"mateo","Man",31
"mateus","Man",13
"matheus","Man",12
"mathew","Man",21
"mathias","Man",56
"mathieu","Man",26
"mathilda","Woman",15
"mathilde","Woman",25
"matias","Man",30
"matija","Man",11
"matilda","Woman",26
"matilde","Woman",28
"mats","Man",13
"matt","Man",32
"matteo","Man",24
"matthew","Man",48
"matthias","Man",39
"matthieu","Man",15
"mattias","Man",16
"matyas","Man",11
"maud","Woman",24
"maude","Woman",13
"maura","Woman",17
"maureen","Woman",30
"maurice","Man",65
"mauricio","Man",41
"maurits","Man",13
"maurizio","Man",20
"mauro","Man",38
"mavis","Woman",13
"max","Man",82
"maxim","Man",33
"maxime","Man",30
"maximilian","Man",29
"maximiliano","Man",21
"maximo","Man",26
"maxine","Woman",16
"maxwell","Man",23
"may","Woman",33
"maya","Woman",61
"mayra","Woman",19
"medard","Man",22
"meg","Woman",13
"megan","Woman",18
"mehdi","Man",27
"mehmet","Man",19
"mei","Woman",12
"meir","Man",18
"mel","Man",12
"melania","Woman",16
"melanie","Woman",44
"melchior","Man",17
"melchor","Man",11
"melina","Woman",22
"melinda","Woman",27
"melisa","Woman",21
"melissa","Woman",59
"melita","Woman",14
"meliton","Man",11
"melitta","Woman",11
"melody","Woman",14
"melvin","Man",39
"mendel","Man",12
"mercedes","Woman",34
"meri","Woman",14
"merlin","Man",14
"mervyn","Man",13
"meta","Woman",12
"metin","Man",13
"meyer","Man",15
"mia","Woman",40
"micaela","Woman",23
"michael","Man",132
"michaela","Woman",35
"michail","Man",21
"michal","Man",22
"michel","Man",76
"michela","Woman",14
"michelangelo","Man",11
"micheline","Woman",14
"michelle","Woman",61
"mick","Man",16
"mickael","Man",16
"mickey","Man",18
"micky","Man",12
"mieczyslaw","Man",12
"miguel","Man",62
"miguel angel","Man",21
"mihail","Man",11
"mihaly","Man",15
"mika","Man",12
"mikael","Man",26
"mike","Man",74
"mikel","Man",13
"mikhail","Man",51
"mikkel","Man",11
"miklos","Man",17
"miko","Man",12
"mila","Woman",25
"milad","Man",12
"milan","Man",36
"milana","Woman",15
"mildred","Woman",23
"milena","Woman",40
"miles","Man",16
"milica","Woman",13
"milka","Woman",13
"milly","Woman",15
"milo","Man",24
"milos","Man",23
"milton","Man",50
"mimi","Woman",46
"mina","Woman",38
"minna","Woman",15
"mira","Woman",34
"miranda","Woman",31
"mireille","Woman",22
"mirela","Woman",16
"mirella","Woman",20
"mireya","Woman",14
"miriam","Woman",65
"mirjam","Woman",16
"mirjana","Woman",11
"mirko","Man",30
"mirna","Woman",20
"miro","Man",20
"miron","Man",11
"miroslav","Man",27
"miroslava","Woman",15
"mirta","Woman",14
"miryam","Woman",14
"mirza","Man",16
"misael","Man",12
"misha","Man",13
"mitchell","Man",18
"mladen","Man",12
"modesta","Woman",11
"modesto","Man",24
"mohamad","Man",21
"mohamed","Man",80
"mohammad","Man",47
"mohammed","Man",94
"mohsen","Man",12
"moira","Woman",22
"moise","Man",24
"moisei","Man",11
"moises","Man",29
"molly","Woman",20
"mona","Woman",46
"monica","Woman",80
"monika","Woman",49
"monique","Woman",40
"montserrat","Woman",12
"monty","Man",12
"mordecai","Man",11
"mordechai","Man",13
"morgan","Man",12
"moris","Man",11
"moritz","Man",25
"morris","Man",25
"mortimer","Man",11
"moses","Man",63
"moshe","Man",23
"mounir","Man",12
"mourad","Man",13
"moussa","Man",42
"moustapha","Man",13
"muhamed","Man",17
"muhammad","Man",34
"munir","Man",12
"murad","Man",25
"murat","Man",20
"muriel","Woman",22
"musa","Man",13
"muscab","Man",12
"mustafa","Man",54
"mustapha","Man",32
"mykhailo","Man",13
"mykola","Man",11
"myra","Woman",21
"myriam","Woman",37
"myrna","Woman",13
"myron","Man",18
"n.","Man",20
"nabil","Man",29
"nabila","Woman",16
"nada","Woman",27
"nader","Man",14
"nadezhda","Woman",21
"nadia","Woman",83
"nadim","Man",12
"nadine","Woman",45
"nadir","Man",22
"nadiyane","Woman",17
"nadja","Woman",25
"naftali","Man",11
"nahum","Man",16
"naim","Man",19
"naima","Woman",17
"najib","Man",14
"nana","Woman",18
"nancy","Woman",65
"nanette","Woman",11
"naomi","Woman",51
"napoleon","Man",28
"narciso","Man",23
"naser","Man",21
"nasrin","Woman",14
"nasser","Man",32
"nassim","Man",11
"natacha","Woman",24
"natali","Woman",14
"natalia","Woman",63
"natalie","Woman",53
"nataliia","Woman",20
"natalija","Woman",16
"natalja","Woman",11
"nataly","Woman",11
"natalya","Woman",25
"natasa","Woman",19
"natascha","Woman",20
"natasha","Woman",67
"nathalia","Woman",11
"nathalie","Woman",51
"nathan","Man",45
"nathanael","Man",16
"nathaniel","Man",41
"naum","Man",11
"nawal","Woman",14
"nazar","Man",14
"nazario","Man",11
"nazim","Man",15
"neal","Man",11
"ned","Man",12
"neda","Woman",11
"neil","Man",37
"nela","Woman",17
"nella","Woman",12
"nellie","Woman",20
"nelly","Woman",56
"nelson","Man",63
"nemanja","Man",13
"nemesio","Man",11
"nena","Woman",11
"nenad","Man",19
"nestor","Man",50
"neville","Man",22
"newton","Man",16
"nicanor","Man",12
"nicholas","Man",69
"nick","Man",56
"nicky","Man",11
"nico","Man",31
"nicol","Woman",12
"nicolaas","Man",13
"nicolae","Man",11
"nicolai","Man",18
"nicolas","Man",79
"nicolaus","Man",16
"nicole","Woman",76
"nicolette","Woman",13
"niels","Man",18
"nigel","Man",30
"nik","Man",20
"nika","Woman",15
"nikanor","Man",13
"nike","Woman",14
"nikita","Man",15
"nikki","Woman",18
"niklas","Man",12
"niko","Man",29
"nikola","Man",21
"nikolai","Man",46
"nikolaj","Man",23
"nikolas","Man",20
"nikolaus","Man",22
"nikolay","Man",19
"nikos","Man",15
"nilo","Man",14
"nils","Man",27
"nina","Woman",75
"nini","Woman",13
"nino","Man",33
"nita","Woman",13
"nizar","Man",18
"noah","Man",43
"noe","Man",24
"noel","Man",59
"noelle","Woman",16
"noemi","Woman",28
"noemie","Woman",11
"nola","Woman",12
"nona","Woman",11
"nora","Woman",69
"norah","Woman",25
"norbert","Man",43
"norberto","Man",27
"noreen","Woman",11
"norma","Woman",44
"norman","Man",52
"noura","Woman",15
"noureddine","Man",14
"numa","Man",16
"nuno","Man",14
"nuri","Man",11
"nuria","Woman",17
"o.","Man",15
"octavia","Woman",11
"octavio","Man",28
"odette","Woman",25
"odile","Woman",16
"odo","Man",11
"odon","Man",12
"ofelia","Woman",23
"oksana","Woman",23
"olaf","Man",26
"olav","Man",13
"ole","Man",11
"oleg","Man",39
"olegario","Man",11
"oleksandr","Man",13
"olena","Woman",11
"olga","Woman",71
"olimpia","Woman",13
"olive","Woman",21
"oliver","Man",58
"olivia","Woman",56
"olivier","Man",42
"olof","Man",13
"olympia","Woman",12
"omar","Man",107
"omer","Man",27
"omid","Man",14
"orest","Man",12
"oreste","Man",20
"orhan","Man",13
"oriana","Woman",14
"orlando","Man",52
"ornella","Woman",14
"osama","Man",23
"oscar","Man",82
"oskar","Man",41
"osman","Man",39
"osmar","Man",11
"osvaldo","Man",28
"oswald","Man",30
"oswaldo","Man",18
"othman","Man",12
"otmar","Man",11
"otto","Man",62
"oumar","Man",16
"ovidio","Man",15
"owen","Man",23
"p.","Man",34
"pablo","Man",53
"paco","Man",19
"pal","Man",20
"palmira","Woman",11
"paloma","Woman",19
"pamela","Woman",58
"pancho","Man",11
"pantaleon","Man",18
"paola","Woman",40
"paolo","Man",46
"papa","Man",19
"paris","Man",13
"pascal","Man",44
"pascale","Woman",12
"pascaline","Woman",11
"pascual","Man",15
"pasquale","Man",11
"pastor","Man",16
"pat","Man",15
"patience","Woman",11
"patric","Man",19
"patrice","Man",22
"patricia","Woman",89
"patricio","Man",22
"patrick","Man",104
"patrik","Man",24
"patrizia","Woman",12
"patty","Woman",14
"paul","Man",134
"paula","Woman",65
"paule","Woman",11
"paulette","Woman",23
"paulin","Man",20
"paulina","Woman",46
"pauline","Woman",51
"paulino","Man",24
"paulo","Man",46
"paulus","Man",22
"pavel","Man",51
"pavle","Man",11
"pawel","Man",19
"pearl","Woman",17
"pedro","Man",65
"pedro jose","Man",11
"peggy","Woman",35
"penelope","Woman",17
"penny","Woman",15
"pepe","Man",26
"percival","Man",18
"percy","Man",34
"perla","Woman",19
"pero","Man",12
"perry","Man",21
"petar","Man",24
"pete","Man",31
"peter","Man",104
"petr","Man",30
"petra","Woman",34
"petro","Man",21
"petronella","Woman",11
"petros","Man",12
"petrus","Man",25
"phil","Man",26
"philemon","Man",15
"philibert","Man",12
"philip","Man",75
"philipp","Man",29
"philippa","Woman",11
"philippe","Man",55
"phillip","Man",40
"philomena","Woman",12
"phoebe","Woman",13
"phyllis","Woman",21
"pia","Woman",28
"pier","Man",13
"piero","Man",21
"pierre","Man",80
"pieter","Man",21
"pietro","Man",31
"pilar","Woman",24
"pinchas","Man",12
"pio","Man",29
"piotr","Man",20
"pius","Man",27
"placido","Man",14
"pol","Man",12
"polina","Woman",22
"polly","Woman",12
"polo","Man",12
"porfirio","Man",16
"predrag","Man",17
"preston","Man",12
"primo","Man",17
"prince","Man",24
"prisca","Woman",11
"priscila","Woman",12
"priscilla","Woman",33
"prosper","Man",28
"prospero","Man",15
"prudencio","Man",13
"quentin","Man",18
"quincy","Man",16
"quintin","Man",12
"quirino","Man",11
"r.","Man",30
"rachael","Woman",11
"rachel","Woman",57
"rachelle","Woman",12
"rachid","Man",15
"radomir","Man",12
"radoslav","Man",11
"radovan","Man",14
"radu","Man",15
"raed","Man",11
"rafael","Man",75
"rafaela","Woman",22
"raffaele","Man",11
"rafi","Man",16
"rafik","Man",20
"ragnar","Man",11
"rahim","Man",26
"rahman","Man",16
"raimund","Man",11
"raimundo","Man",20
"rainer","Man",22
"raisa","Woman",19
"raissa","Woman",13
"rajesh","Man",11
"rajko","Man",11
"rajmund","Man",12
"ralf","Man",20
"ralph","Man",51
"ram","Man",16
"ramazan","Man",13
"ramesh","Man",12
"rami","Man",18
"ramiro","Man",25
"ramon","Man",58
"ramona","Woman",40
"ramzi","Man",11
"rana","Woman",11
"randal","Man",12
"randall","Man",12
"randolph","Man",19
"randy","Man",25
"rani","Woman",11
"rania","Woman",18
"raoul","Man",41
"raphael","Man",67
"raquel","Woman",34
"rashid","Man",38
"raul","Man",53
"ray","Man",50
"rayan","Man",12
"raymond","Man",64
"rebeca","Woman",22
"rebecca","Woman",58
"rebeka","Woman",14
"rebekka","Woman",11
"red","Man",12
"reda","Man",18
"reem","Woman",16
"reggie","Man",17
"regina","Woman",68
"reginald","Man",36
"reginaldo","Man",14
"regine","Woman",15
"regis","Man",12
"reina","Woman",13
"reinaldo","Man",19
"reiner","Man",11
"reinhard","Man",16
"reinhold","Man",19
"remi","Man",27
"remigio","Man",14
"remo","Man",22
"remy","Man",21
"rena","Woman",13
"renan","Man",12
"renata","Woman",45
"renate","Woman",21
"renato","Man",46
"rene","Man",72
"renee","Woman",34
"reno","Man",14
"renzo","Man",17
"reuben","Man",23
"rex","Man",22
"rey","Man",12
"reynaldo","Man",23
"reza","Man",18
"ria","Woman",25
"riad","Man",13
"ricardo","Man",67
"riccardo","Man",22
"richard","Man",109
"richie","Man",16
"richmond","Man",11
"rick","Man",26
"ricky","Man",46
"rico","Man",20
"rifat","Man",13
"rigoberto","Man",18
"rima","Woman",20
"rina","Woman",30
"rinaldo","Man",13
"rino","Man",15
"rita","Woman",78
"ritchie","Man",12
"roald","Man",12
"rob","Man",22
"robbie","Man",16
"robby","Man",16
"robert","Man",133
"roberta","Woman",25
"roberto","Man",64
"robi","Man",12
"robin","Man",53
"robinson","Man",20
"roby","Man",13
"rocco","Man",17
"rocio","Woman",18
"rocky","Man",18
"rod","Man",14
"roderick","Man",23
"rodney","Man",35
"rodolfo","Man",36
"rodolphe","Man",13
"rodrigo","Man",36
"rodrigue","Man",11
"rogelio","Man",20
"roger","Man",90
"rohan","Man",13
"roland","Man",70
"rolando","Man",33
"rolf","Man",31
"roma","Woman",12
"romain","Man",24
"roman","Man",73
"romana","Woman",27
"romano","Man",18
"romario","Man",13
"romeo","Man",50
"romina","Woman",26
"romuald","Man",19
"romualdo","Man",12
"romulo","Man",16
"romy","Woman",13
"ron","Man",34
"ronald","Man",72
"ronaldo","Man",29
"ronan","Man",12
"ronnie","Man",38
"ronny","Man",32
"rony","Man",20
"roque","Man",21
"rory","Man",14
"rosa","Woman",63
"rosalia","Woman",21
"rosalie","Woman",24
"rosana","Woman",15
"rosanna","Woman",25
"rosario","Woman",18
"rose","Woman",61
"rosemarie","Woman",21
"rosemary","Woman",24
"rosendo","Man",13
"rosette","Woman",11
"rosi","Woman",11
"rosie","Woman",12
"rosina","Woman",20
"rosita","Woman",28
"ross","Man",18
"rossana","Woman",16
"roxana","Woman",21
"roxanne","Woman",14
"roy","Man",64
"roza","Woman",25
"ruben","Man",67
"rubens","Man",11
"ruby","Woman",26
"rudi","Man",31
"rudolf","Man",53
"rudolph","Man",34
"rudy","Man",40
"rufino","Man",16
"rufus","Man",13
"rui","Man",15
"rupert","Man",20
"ruperto","Man",13
"ruslan","Man",22
"russel","Man",14
"russell","Man",20
"rustam","Man",16
"rut","Woman",16
"ruth","Woman",78
"ruy","Man",13
"ryan","Man",52
"ryszard","Man",13
"s.","Man",29
"sa'id","Man",26
"saad","Man",19
"saba","Woman",11
"sabin","Man",14
"sabina","Woman",52
"sabine","Woman",27
"sabino","Man",12
"sabri","Man",11
"sabrina","Woman",49
"sacha","Man",17
"sadik","Man",13
"sadiq","Man",15
"saeed","Man",23
"safia","Woman",17
"sahar","Woman",14
"said","Man",43
"saida","Woman",17
"sakina","Woman",11
"salah","Man",29
"salam","Man",11
"saleh","Man",19
"salem","Man",13
"salih","Man",35
"salim","Man",44
"salima","Woman",12
"sally","Woman",33
"salma","Woman",23
"salman","Man",21
"salome","Woman",28
"salomon","Man",42
"saloua / salwa","Woman",11
"salvador","Man",38
"salvator","Man",11
"salvatore","Man",19
"sam","Man",68
"samanta","Woman",16
"samantha","Woman",50
"samara","Woman",11
"sami","Man",38
"samia","Woman",19
"samir","Man",50
"samira","Woman",42
"sammy","Man",38
"sampson","Man",12
"samson","Man",48
"samuel","Man",123
"samy","Man",21
"sander","Man",16
"sandor","Man",23
"sandra","Woman",98
"sandrine","Woman",21
"sandro","Man",40
"sandy","Woman",14
"sanja","Woman",12
"santiago","Man",33
"santo","Man",13
"santos","Man",24
"sara","Woman",101
"sarah","Woman",93
"sari","Woman",16
"sarina","Woman",15
"sarita","Woman",13
"sasa","Man",17
"saskia","Woman",24
"saturnino","Man",15
"saul","Man",45
"scarlett","Woman",17
"scott","Man",30
"sean","Man",42
"sebastian","Man",71
"sebastiano","Man",11
"sebastien","Man",32
"segundo","Man",18
"sekou","Man",14
"selena","Woman",14
"selim","Man",28
"selina","Woman",28
"selma","Woman",37
"selwyn","Man",11
"semyon","Man",19
"serafim","Man",12
"serafin","Man",19
"serapio","Man",11
"serena","Woman",26
"serge","Man",46
"sergej","Man",28
"sergey","Man",48
"sergio","Man",53
"serhii","Man",11
"servando","Man",11
"seth","Man",26
"severin","Man",23
"severino","Man",16
"severo","Man",16
"seymour","Man",14
"shahid","Man",11
"shane","Man",34
"shaquille","Man",20
"sharon","Woman",42
"shaun","Man",21
"shawn","Man",23
"sheena","Woman",13
"sheila","Woman",46
"sheldon","Man",11
"sheryl","Woman",16
"shireen","Woman",15
"shirin","Woman",14
"shirley","Woman",35
"shlomo","Man",19
"shmuel","Man",13
"sid","Man",20
"sidney","Man",33
"siegfried","Man",32
"sigismund","Man",14
"sigmund","Man",17
"sigrid","Woman",23
"sigurd","Man",12
"silas","Man",22
"silke","Woman",11
"silva","Woman",15
"silvana","Woman",35
"silvano","Man",23
"silvester","Man",16
"silvestre","Man",18
"silvia","Woman",52
"silvino","Man",12
"silvio","Man",36
"simeon","Man",41
"simon","Man",107
"simona","Woman",34
"simone","Woman",35
"sinan","Man",13
"sindy","Woman",12
"sita","Woman",11
"sixto","Man",12
"slavko","Man",12
"slim","Man",11
"slobodan","Man",15
"socrates","Man",14
"sofi","Woman",11
"sofia","Woman",70
"sofie","Woman",18
"sofija","Woman",11
"solange","Woman",27
"soledad","Woman",19
"solomon","Man",49
"solveig","Woman",12
"sonia","Woman",77
"sonja","Woman",38
"sonny","Man",23
"sonya","Woman",22
"sophia","Woman",61
"sophie","Woman",59
"soraya","Woman",33
"soren","Man",12
"souad","Woman",15
"souleymane","Man",18
"spencer","Man",13
"stacey","Woman",11
"stacy","Woman",11
"stan","Man",21
"stanislas","Man",17
"stanislaus","Man",15
"stanislav","Man",34
"stanislaw","Man",19
"stanko","Man",11
"stanley","Man",60
"stefan","Man",56
"stefania","Woman",31
"stefanie","Woman",27
"stefano","Man",36
"steffen","Man",11
"steffi","Woman",11
"stella","Woman",68
"stepan","Man",24
"stephan","Man",43
"stephane","Man",34
"stephanie","Woman",72
"stephen","Man",68
"stevan","Man",12
"steve","Man",64
"steven","Man",73
"stewart","Man",14
"stojan","Man",11
"stuart","Man",26
"sue","Woman",18
"suleiman","Man",19
"sultan","Man",18
"sunil","Man",11
"sunny","Man",11
"susan","Woman",56
"susana","Woman",35
"susanna","Woman",36
"susanne","Woman",26
"susi","Woman",12
"susie","Woman",13
"susy","Woman",12
"suzan","Woman",15
"suzana","Woman",16
"suzanna","Woman",17
"suzanne","Woman",42
"suzie","Woman",13
"suzy","Woman",15
"sven","Man",28
"svetlana","Woman",37
"sybil","Woman",17
"sybille","Woman",11
"sydney","Man",22
"syed","Man",15
"sylvain","Man",28
"sylvana","Woman",11
"sylvester","Man",28
"sylvestre","Man",12
"sylvia","Woman",59
"sylvie","Woman",27
"t.","Man",27
"tabitha","Woman",12
"tadeusz","Man",16
"taha","Man",16
"tahir","Man",20
"talia","Woman",15
"tamar","Woman",15
"tamara","Woman",70
"tamas","Man",18
"tamer","Man",11
"tan","Man",11
"tana","Woman",11
"tania","Woman",60
"tanja","Woman",25
"tanya","Woman",45
"tara","Woman",31
"taras","Man",11
"tarek","Man",30
"tarik","Man",25
"tariq","Man",30
"tasha","Woman",12
"tatiana","Woman",66
"tatjana","Woman",30
"tawfik","Man",16
"tea","Woman",17
"ted","Man",33
"teddy","Man",38
"telmo","Man",12
"teo","Man",20
"teodor","Man",26
"teodora","Woman",26
"teodoro","Man",28
"teofilo","Man",25
"terence","Man",25
"teresa","Woman",59
"teresita","Woman",16
"tereza","Woman",25
"terrence","Man",20
"terry","Man",25
"tess","Woman",18
"tessa","Woman",27
"thaddeus","Man",12
"thais","Woman",12
"thalia","Woman",16
"thea","Woman",30
"thelma","Woman",31
"theo","Man",39
"theobald","Man",12
"theodor","Man",36
"theodora","Woman",20
"theodore","Man",48
"theodorus","Man",13
"theophile","Man",20
"theophilus","Man",15
"theresa","Woman",33
"therese","Woman",37
"theresia","Woman",16
"thiago","Man",12
"thierry","Man",28
"thomas","Man",104
"thor","Man",12
"thora","Woman",11
"thorsten","Man",12
"tia","Woman",19
"tiago","Man",15
"tibor","Man",22
"tiffany","Woman",33
"tim","Man",38
"timo","Man",19
"timon","Man",11
"timoteo","Man",14
"timothee","Man",11
"timothy","Man",49
"timur","Man",16
"tina","Woman",60
"tino","Man",24
"tita","Woman",13
"tito","Man",40
"titus","Man",24
"tobias","Man",39
"toby","Man",18
"todd","Man",12
"tom","Man",57
"toma","Man",12
"tomas","Man",60
"tomasz","Man",16
"tomi","Man",12
"tomislav","Man",17
"tommaso","Man",12
"tommy","Man",50
"toni","Man",26
"tonia","Woman",11
"tonny","Man",11
"tony","Man",87
"torsten","Man",14
"toussaint","Man",16
"tracey","Woman",11
"tracy","Woman",22
"travis","Man",15
"trevor","Man",33
"tristan","Man",34
"troy","Man",19
"tulio","Man",18
"tyler","Man",13
"tyrone","Man",20
"tyson","Man",12
"ubaldo","Man",17
"udo","Man",16
"ugo","Man",21
"ulf","Man",12
"ulises","Man",14
"ulla","Woman",12
"ulrich","Man",27
"ulrike","Woman",12
"umar","Man",28
"umberto","Man",22
"una","Woman",17
"urbain","Man",12
"urban","Man",17
"urbano","Man",13
"uri","Man",15
"uriel","Man",18
"ursula","Woman",43
"usman","Man",13
"uwe","Man",12
"v.","Man",21
"vaclav","Man",13
"vadim","Man",32
"valdemar","Man",19
"valdo","Man",12
"valentin","Man",64
"valentina","Woman",65
"valentino","Man",26
"valeri","Man",19
"valeria","Woman",40
"valerian","Man",15
"valerie","Woman",57
"valerio","Man",21
"valery","Man",35
"valter","Man",16
"vanda","Woman",16
"vanesa","Woman",20
"vanessa","Woman",71
"vania","Woman",18
"vasco","Man",20
"vasil","Man",12
"vasily","Man",25
"vasyl","Man",11
"venancio","Man",15
"venera","Woman",12
"vera","Woman",69
"verena","Woman",17
"vernon","Man",21
"veronica","Woman",55
"veronika","Woman",43
"veronique","Woman",21
"vesna","Woman",15
"vic","Man",19
"vicente","Man",35
"vicki","Woman",12
"vicky","Woman",34
"victor","Man",110
"victor hugo","Man",13
"victor manuel","Man",18
"victoria","Woman",80
"victoriano","Man",13
"victorino","Man",11
"vida","Woman",24
"vidal","Man",16
"viktor","Man",70
"viktoria","Woman",33
"viktorija","Woman",11
"vilhelm","Man",13
"vilma","Woman",36
"vilmos","Man",11
"vince","Man",20
"vincent","Man",76
"vincenzo","Man",20
"vinicio","Man",13
"vinny","Man",13
"viola","Woman",30
"violet","Woman",20
"violeta","Woman",31
"violetta","Woman",11
"violette","Woman",11
"virgil","Man",19
"virgilio","Man",27
"virginia","Woman",53
"virginie","Woman",17
"vita","Woman",20
"vital","Man",22
"vitali","Man",15
"vitalis","Man",11
"vitaly","Man",20
"vito","Man",20
"vittorio","Man",19
"vitus","Man",12
"vivi","Woman",11
"vivian","Woman",36
"viviana","Woman",26
"viviane","Woman",24
"vivianne","Woman",12
"vivien","Woman",17
"vivienne","Woman",19
"vlada","Woman",14
"vladimir","Man",71
"vladimiro","Man",12
"vladislav","Man",32
"vlado","Man",14
"volodymyr","Man",12
"vyacheslav","Man",23
"w.","Man",25
"waldemar","Man",31
"waldo","Man",18
"waleed","Man",32
"wallace","Man",14
"wally","Man",14
"walter","Man",84
"walther","Man",19
"wanda","Woman",34
"warren","Man",28
"washington","Man",20
"wayne","Man",25
"wellington","Man",16
"wenceslao","Man",13
"wendell","Man",12
"wendy","Woman",46
"wenzel","Man",11
"werner","Man",37
"wesley","Man",33
"wiktor","Man",16
"wilfred","Man",37
"wilfredo","Man",18
"wilfrid","Man",20
"wilfried","Man",22
"wilhelm","Man",48
"wilhelmina","Woman",14
"wilhelmine","Woman",14
"will","Man",23
"willem","Man",22
"willi","Man",24
"william","Man",116
"williams","Man",23
"willie","Man",41
"willis","Man",13
"willy","Man",60
"wilma","Woman",25
"wilmer","Man",14
"wilson","Man",45
"winifred","Woman",12
"winnie","Woman",14
"winston","Man",35
"witold","Man",13
"wladyslaw","Man",18
"woldemar","Man",11
"wolf","Man",23
"wolfgang","Man",32
"xaver","Man",11
"xavier","Man",46
"xenia","Woman",40
"ximena","Woman",11
"y.","Man",11
"yaakov","Man",13
"yael","Woman",13
"yahya","Man",26
"yakov","Man",30
"yan","Man",20
"yana","Woman",22
"yanina","Woman",11
"yann","Man",16
"yannick","Man",24
"yannis","Man",15
"yara","Woman",18
"yaroslav","Man",20
"yasin","Man",21
"yasmin","Woman",34
"yasmina","Woman",13
"yasmine","Woman",25
"yasser","Man",16
"yassin","Man",12
"yassine","Man",13
"yaya","Man",12
"yehuda","Man",12
"yelena","Woman",15
"yevgeni","Man",11
"yitzhak","Man",15
"yoan","Man",12
"yoel","Man",12
"yohan","Man",19
"yolanda","Woman",43
"yolande","Woman",23
"yosef","Man",14
"yousef","Man",23
"youssef","Man",28
"youssouf","Man",19
"yulia","Woman",23
"yuly","Man",15
"yunus","Man",13
"yuri","Man",31
"yurii","Man",11
"yury","Man",33
"yusuf","Man",42
"yvan","Man",16
"yves","Man",35
"yvette","Woman",39
"yvon","Man",13
"yvonne","Woman",62
"z.","Man",12
"zacarias","Man",16
"zach","Man",13
"zacharias","Man",19
"zachary","Man",19
"zack","Man",13
"zahra","Woman",24
"zaid","Man",14
"zainab","Woman",13
"zakaria","Man",25
"zakia","Woman",12
"zara","Woman",29
"zaynab","Woman",11
"zdenka","Woman",12
"zdenko","Man",12
"zdravko","Man",12
"zdzislaw","Man",11
"zelda","Woman",11
"zeno","Man",14
"zenon","Man",23
"zhanna","Woman",11
"ziad","Man",14
"zina","Woman",22
"zinaida","Woman",12
"zinaida/zenaida","Woman",11
"zita","Woman",33
"zlatko","Man",15
"zoe","Woman",34
"zofia","Woman",17
"zohra","Woman",14
"zoja","Woman",12
"zoltan","Man",23
"zoran","Man",17
"zoya","Woman",22
"zuzana","Woman",11
"zvi","Man",12
"zygmunt","Man",13
"taha","Man",16
